"outcome","treatment","began_convo","age","gender","partyideology","pre_therm_voter_outparty_rescaled"
-1.31411466871166,0,TRUE,35,"Female",4,-0.692847878821541
-0.902321958060324,0,TRUE,28,"Male",1,-0.843099893328476
0.295620472925387,1,TRUE,40,"Male",3,-0.467469857061139
1.00689879132315,1,TRUE,31,"Male",2,0.0959751973398654
-0.378222144504075,0,TRUE,19,"Male",2,-0.429906853434406
-0.75257915418711,0,TRUE,47,"Female",2,-0.204528831674004
-0.75257915418711,1,TRUE,57,"Female",1,-0.955788904208677
-0.00386513482104053,0,TRUE,58,"Female",4,-0.129402824420536
0.96946309035485,1,TRUE,51,"Female",1,0.884798273501272
-0.378222144504075,0,TRUE,53,"Female",5,-0.655284875194807
-1.38898607064827,1,TRUE,28,"Female",5,-1.40654494772948
-1.23924326677506,1,TRUE,50,"Male",5,-1.21872992959581
1.38125580100619,0,TRUE,35,"Male",1,1.59849534240921
-1.42642177161657,0,TRUE,61,"Female",2,-1.21872992959581
-0.116172237725951,1,TRUE,55,"Female",2,-1.33141894047601
-1.61360027645809,1,TRUE,33,"Female",5,-1.40654494772948
-0.116172237725951,1,TRUE,31,"Male",2,-0.655284875194807
0.333056173893691,0,TRUE,58,"Male",4,0.471605233607202
-0.453093546440682,0,TRUE,65,"Female",3,-0.204528831674004
-0.902321958060324,1,TRUE,46,"Male",3,-0.467469857061139
0.932027389386547,1,TRUE,39,"Female",4,0.0208491900863981
2.12996982037226,1,TRUE,58,"Female",5,0.509168237233935
-1.61360027645809,1,TRUE,26,"Male",1,-1.40654494772948
0.744848884545029,1,TRUE,23,"Male",3,0.471605233607202
0.295620472925387,1,TRUE,46,"Female",2,-1.29385593684928
-1.46385747258488,1,TRUE,70,"Male",5,-1.25629293322255
1.86791991359413,1,TRUE,61,"Female",3,1.97412537867655
0.0710062671155664,1,TRUE,46,"Male",3,0.283790215473534
0.819720286481636,1,TRUE,65,"Male",4,1.03505028800821
0.445363276798601,0,TRUE,42,"Male",2,0.0959751973398654
-1.16437186483845,0,TRUE,54,"Female",5,-1.36898194410275
1.75561281068922,1,TRUE,57,"Female",3,0.509168237233935
-0.677707752250503,1,TRUE,45,"Female",3,-1.03091491146214
0.96946309035485,1,TRUE,30,"Female",2,-0.0918398207938028
-1.23924326677506,1,TRUE,53,"Male",2,-1.40654494772948
0.894591688418243,1,TRUE,27,"Female",3,0.546731240860669
0.258184771957084,1,TRUE,44,"Male",3,0.847235269874538
-1.61360027645809,1,TRUE,36,"Male",5,-1.40654494772948
-1.61360027645809,1,TRUE,33,"Female",1,-1.40654494772948
2.12996982037226,1,TRUE,50,"Female",3,2.34975541494388
-0.490529247408986,1,TRUE,65,"Male",4,-0.242091835300737
0.258184771957084,1,TRUE,21,"Male",2,-0.279654838927471
2.12996982037226,0,TRUE,22,"Female",4,2.34975541494388
0.258184771957084,1,TRUE,32,"Male",2,-1.03091491146214
-0.0787365367576475,1,TRUE,39,"Male",2,-0.279654838927471
-0.790014855155414,1,TRUE,34,"Female",1,-1.03091491146214
0.258184771957084,0,TRUE,29,"Female",4,0.471605233607202
-0.303350742567468,0,TRUE,59,"Male",3,-0.279654838927471
-0.191043639662558,1,TRUE,31,"Female",1,0.283790215473534
-0.00386513482104053,0,TRUE,36,"Female",5,0.0959751973398654
-1.05206476193354,0,TRUE,31,"Female",4,-1.06847791508888
-0.827450556123717,1,TRUE,47,"Female",5,-0.655284875194807
-0.790014855155414,1,TRUE,61,"Male",4,-0.99335190783541
-0.340786443535772,1,TRUE,22,"Male",1,-0.730410882448275
0.632541781640119,1,TRUE,22,"Female",3,0.2462272118468
0.333056173893691,0,TRUE,42,"Female",4,0.509168237233935
-1.23924326677506,0,TRUE,39,"Male",1,-1.03091491146214
-0.340786443535772,0,TRUE,39,"Male",4,-0.655284875194807
-0.677707752250503,1,TRUE,72,"Male",4,-0.467469857061139
-0.116172237725951,0,TRUE,27,"Male",4,0.283790215473534
0.033570566147263,0,TRUE,39,"Female",2,0.171101204593333
-0.527964948377289,1,TRUE,60,"Female",2,-0.505032860687873
0.295620472925387,0,TRUE,18,"Male",3,0.471605233607202
-0.902321958060324,0,TRUE,43,"Male",4,-1.21872992959581
0.258184771957084,1,TRUE,21,"Male",3,0.283790215473534
-0.527964948377289,1,TRUE,26,"Male",2,-0.354780846180938
-0.116172237725951,0,TRUE,38,"Female",3,-0.279654838927471
1.19407729616467,1,TRUE,41,"Male",3,0.847235269874538
0.258184771957084,1,TRUE,22,"Male",2,0.471605233607202
-1.61360027645809,0,TRUE,25,"Female",1,-1.40654494772948
1.11920589422806,0,TRUE,44,"Female",4,0.696983255367604
-1.61360027645809,0,TRUE,35,"Male",1,-1.40654494772948
1.23151299713297,0,TRUE,55,"Female",3,1.29799131339534
0.0710062671155664,0,TRUE,38,"Male",4,-0.317217842554205
0.85715598744994,0,TRUE,58,"Female",2,0.208664208220066
-1.42642177161657,0,TRUE,25,"Female",1,-1.21872992959581
-1.27667896774336,0,TRUE,33,"Male",1,-1.06847791508888
-0.303350742567468,1,TRUE,31,"Female",2,-0.354780846180938
-0.265915041599165,1,TRUE,50,"Male",4,-0.0167138135403355
1.5309986048794,0,TRUE,30,"Male",2,0.696983255367604
-0.228479340630861,0,TRUE,58,"Male",4,1.33555431702208
0.445363276798601,1,TRUE,58,"Male",1,0.0584121937131317
1.75561281068922,0,TRUE,51,"Female",4,1.97412537867655
0.632541781640119,0,TRUE,43,"Female",3,0.0208491900863981
1.08177019325976,1,TRUE,52,"Female",2,0.696983255367604
1.00689879132315,1,TRUE,37,"Female",1,-0.655284875194807
-1.61360027645809,1,TRUE,37,"Male",1,-1.40654494772948
0.744848884545029,1,TRUE,44,"Male",3,0.922361277128005
-1.23924326677506,0,TRUE,57,"Female",4,-1.21872992959581
-0.116172237725951,1,TRUE,59,"Male",5,-0.279654838927471
1.4935629039111,1,TRUE,62,"Male",4,1.74874735691615
-1.23924326677506,1,TRUE,37,"Male",4,-1.03091491146214
-0.902321958060324,0,TRUE,29,"Female",2,-0.918225900581943
1.00689879132315,1,TRUE,36,"Male",5,0.0959751973398654
-0.864886257092021,1,TRUE,63,"Female",2,-1.40654494772948
0.258184771957084,0,TRUE,39,"Male",2,0.471605233607202
0.85715598744994,0,TRUE,54,"Female",4,0.847235269874538
0.258184771957084,0,TRUE,40,"Male",4,0.471605233607202
1.23151299713297,1,TRUE,62,"Female",2,-0.16696582804727
-0.902321958060324,0,TRUE,25,"Male",2,-0.58015886794134
-0.864886257092021,0,TRUE,64,"Female",3,-0.279654838927471
1.34382010003788,1,TRUE,70,"Male",4,-0.505032860687873
-0.565400649345593,0,TRUE,57,"Female",5,-0.692847878821541
2.12996982037226,1,TRUE,33,"Female",4,2.34975541494388
-0.527964948377289,1,TRUE,61,"Male",4,-0.655284875194807
-1.23924326677506,0,TRUE,27,"Male",4,-1.03091491146214
-1.42642177161657,1,TRUE,29,"Male",4,-1.21872992959581
-0.490529247408986,1,TRUE,27,"Male",1,-0.655284875194807
-0.228479340630861,0,TRUE,20,"Male",4,0.0959751973398654
-1.61360027645809,1,TRUE,22,"Female",1,-1.40654494772948
0.0710062671155664,0,TRUE,28,"Male",2,-0.16696582804727
-0.00386513482104053,0,TRUE,24,"Female",2,0.171101204593333
-1.61360027645809,0,TRUE,34,"Male",1,-1.40654494772948
-1.12693616387015,0,TRUE,49,"Male",2,-0.767973886075008
1.38125580100619,1,TRUE,33,"Female",4,-0.279654838927471
-0.490529247408986,0,TRUE,45,"Male",3,-0.279654838927471
1.79304851165753,0,TRUE,62,"Female",4,2.04925138593001
0.295620472925387,1,TRUE,53,"Female",4,-0.317217842554205
0.258184771957084,0,TRUE,44,"Female",3,0.471605233607202
-0.116172237725951,1,TRUE,21,"Female",1,-0.279654838927471
0.333056173893691,0,TRUE,43,"Female",3,0.584294244487403
0.894591688418243,1,TRUE,26,"Female",2,0.434042229980468
-0.565400649345593,0,TRUE,18,"Male",2,-0.354780846180938
0.258184771957084,0,TRUE,63,"Male",4,0.396479226353735
0.445363276798601,0,TRUE,26,"Male",4,0.283790215473534
-0.565400649345593,0,TRUE,48,"Male",2,-0.730410882448275
0.333056173893691,1,TRUE,21,"Male",2,0.0208491900863981
-0.677707752250503,0,TRUE,27,"Male",2,-0.467469857061139
0.0710062671155664,0,TRUE,72,"Female",4,0.283790215473534
0.445363276798601,1,TRUE,36,"Male",4,0.471605233607202
-1.05206476193354,1,TRUE,31,"Female",2,-1.03091491146214
0.894591688418243,1,TRUE,39,"Male",4,0.884798273501272
0.520234678735208,1,TRUE,24,"Female",2,-0.354780846180938
0.295620472925387,1,TRUE,34,"Female",5,-1.10604091871561
0.295620472925387,1,TRUE,37,"Female",3,0.509168237233935
1.19407729616467,1,TRUE,40,"Male",3,0.471605233607202
1.19407729616467,1,TRUE,38,"Male",3,1.22286530614187
-1.61360027645809,1,TRUE,36,"Male",2,-1.40654494772948
1.19407729616467,1,TRUE,36,"Male",2,1.33555431702208
-0.6402720512822,1,TRUE,53,"Female",4,-0.692847878821541
-1.61360027645809,0,TRUE,40,"Female",1,-1.40654494772948
0.258184771957084,0,TRUE,26,"Male",3,0.471605233607202
0.782284585513333,1,TRUE,22,"Male",4,0.509168237233935
0.295620472925387,0,TRUE,45,"Male",2,-0.730410882448275
0.707413183576726,0,TRUE,19,"Female",3,0.546731240860669
0.033570566147263,0,TRUE,28,"Female",1,0.2462272118468
1.41869150197449,0,TRUE,74,"Male",2,1.59849534240921
-0.565400649345593,1,TRUE,58,"Male",5,-0.955788904208677
-1.61360027645809,0,TRUE,23,"Female",1,-1.40654494772948
0.033570566147263,1,TRUE,30,"Male",1,-0.467469857061139
1.00689879132315,1,TRUE,47,"Female",2,-0.279654838927471
-1.01462906096523,0,TRUE,29,"Female",1,-1.29385593684928
-0.864886257092021,0,TRUE,20,"Male",1,-0.655284875194807
1.56843430584771,1,TRUE,31,"Female",2,-0.767973886075008
-1.08950046290184,1,TRUE,45,"Female",2,-0.918225900581943
0.520234678735208,0,TRUE,19,"Male",4,-0.129402824420536
-1.23924326677506,1,TRUE,28,"Female",1,-1.40654494772948
0.258184771957084,0,TRUE,28,"Male",4,0.471605233607202
-0.116172237725951,1,TRUE,49,"Female",1,0.471605233607202
-0.303350742567468,0,TRUE,32,"Female",2,-0.279654838927471
-1.23924326677506,1,TRUE,59,"Female",2,-1.10604091871561
0.445363276798601,1,TRUE,38,"Female",2,0.546731240860669
0.632541781640119,0,TRUE,29,"Male",3,0.471605233607202
0.445363276798601,1,TRUE,20,"Male",1,-0.99335190783541
0.258184771957084,0,TRUE,35,"Male",1,-0.805536889701742
-0.902321958060324,1,TRUE,50,"Male",4,-0.692847878821541
0.632541781640119,1,TRUE,50,"Male",5,-0.317217842554205
1.11920589422806,1,TRUE,52,"Female",2,-0.0167138135403355
0.295620472925387,1,TRUE,21,"Male",3,0.471605233607202
-0.864886257092021,0,TRUE,21,"Prefer to self describe",2,-0.655284875194807
-0.116172237725951,0,TRUE,29,"Male",4,-0.279654838927471
-1.05206476193354,0,TRUE,63,"Female",2,-0.955788904208677
-1.23924326677506,0,TRUE,45,"Male",4,-1.40654494772948
-0.939757659028628,1,TRUE,32,"Female",1,-1.40654494772948
0.258184771957084,0,TRUE,26,"Male",3,0.471605233607202
-0.191043639662558,0,TRUE,27,"Female",3,0.171101204593333
-0.490529247408986,1,TRUE,33,"Female",1,-0.955788904208677
1.83048421262583,0,TRUE,61,"Female",4,1.63605834603594
0.632541781640119,1,TRUE,30,"Male",4,1.03505028800821
1.4561272029428,1,TRUE,32,"Male",1,-1.40654494772948
-0.191043639662558,0,TRUE,27,"Female",2,-0.317217842554205
-0.6402720512822,0,TRUE,64,"Male",2,1.03505028800821
-0.116172237725951,1,TRUE,22,"Male",2,-0.655284875194807
1.75561281068922,1,TRUE,28,"Female",4,1.97412537867655
0.520234678735208,0,TRUE,47,"Male",4,0.321353219100267
-0.827450556123717,0,TRUE,23,"Female",2,-0.918225900581943
0.707413183576726,1,TRUE,26,"Female",2,-0.99335190783541
0.258184771957084,0,TRUE,36,"Male",3,0.509168237233935
1.75561281068922,1,TRUE,51,"Female",3,0.471605233607202
-0.939757659028628,1,TRUE,40,"Female",2,-1.29385593684928
0.258184771957084,1,TRUE,58,"Female",4,0.471605233607202
-0.677707752250503,0,TRUE,73,"Female",5,-1.40654494772948
1.41869150197449,0,TRUE,65,"Female",4,1.26042830976861
-0.677707752250503,1,TRUE,54,"Male",5,-0.279654838927471
-0.116172237725951,1,TRUE,44,"Male",3,0.208664208220066
1.83048421262583,1,TRUE,44,"Male",5,1.52336933515574
0.819720286481636,1,TRUE,32,"Female",4,0.0959751973398654
1.19407729616467,0,TRUE,37,"Male",2,1.41068032427554
-0.303350742567468,0,TRUE,35,"Male",3,-0.0918398207938028
-1.61360027645809,0,TRUE,19,"Female",1,-1.40654494772948
2.12996982037226,0,TRUE,38,"Female",3,0.471605233607202
-0.453093546440682,1,TRUE,41,"Male",5,-0.505032860687873
-0.864886257092021,1,TRUE,50,"Male",2,-1.40654494772948
0.782284585513333,0,TRUE,43,"Male",4,0.884798273501272
-1.61360027645809,0,TRUE,19,"Male",3,0.509168237233935
0.0710062671155664,1,TRUE,56,"Male",4,-0.279654838927471
0.22074907098878,0,TRUE,37,"Female",4,0.471605233607202
0.819720286481636,0,TRUE,25,"Female",3,0.847235269874538
0.707413183576726,1,TRUE,55,"Female",4,0.847235269874538
1.30638439906958,1,TRUE,24,"Male",1,-0.129402824420536
-0.827450556123717,1,TRUE,39,"Female",2,-0.730410882448275
0.333056173893691,0,TRUE,64,"Female",1,0.471605233607202
0.85715598744994,1,TRUE,28,"Male",3,-0.692847878821541
-0.00386513482104053,0,TRUE,36,"Male",5,0.0208491900863981
0.96946309035485,0,TRUE,47,"Female",3,0.809672266247805
-0.939757659028628,0,TRUE,21,"Female",2,-0.655284875194807
0.258184771957084,1,TRUE,35,"Female",2,0.509168237233935
-1.23924326677506,0,TRUE,64,"Female",2,-1.21872992959581
-0.116172237725951,0,TRUE,46,"Male",2,-0.279654838927471
0.0710062671155664,0,TRUE,41,"Male",3,-0.279654838927471
-0.303350742567468,1,TRUE,26,"Male",4,-1.06847791508888
-0.715143453218807,1,TRUE,23,"Female",5,-0.730410882448275
-0.864886257092021,1,TRUE,34,"Male",3,-0.655284875194807
0.669977482608422,0,TRUE,57,"Female",2,0.0959751973398654
-1.35155036967997,0,TRUE,28,"Male",2,-1.10604091871561
1.19407729616467,0,TRUE,24,"Male",3,1.41068032427554
-0.490529247408986,1,TRUE,39,"Male",1,-1.21872992959581
-0.00386513482104053,0,TRUE,18,"Male",2,0.621857248114136
0.258184771957084,1,TRUE,55,"Male",4,-0.655284875194807
-1.12693616387015,1,TRUE,19,"Female",1,-1.33141894047601
-0.490529247408986,0,TRUE,22,"Male",2,-0.655284875194807
-0.0787365367576475,0,TRUE,65,"Female",3,0.0959751973398654
1.41869150197449,1,TRUE,56,"Male",4,-0.655284875194807
-0.864886257092021,1,TRUE,22,"Male",2,-0.467469857061139
1.38125580100619,1,TRUE,63,"Female",3,0.0584121937131317
-0.340786443535772,0,TRUE,23,"Male",2,-0.279654838927471
0.333056173893691,0,TRUE,52,"Female",2,0.509168237233935
2.12996982037226,1,TRUE,46,"Female",2,2.34975541494388
-0.490529247408986,0,TRUE,26,"Female",4,0.171101204593333
-0.116172237725951,1,TRUE,25,"Male",3,0.0959751973398654
-0.041300835789344,0,TRUE,33,"Male",1,-0.99335190783541
-0.153607938694254,1,TRUE,35,"Male",4,-0.317217842554205
0.295620472925387,1,TRUE,35,"Female",2,0.0584121937131317
-0.116172237725951,1,TRUE,49,"Male",4,0.0959751973398654
1.41869150197449,0,TRUE,58,"Female",3,0.0959751973398654
0.632541781640119,0,TRUE,61,"Female",4,1.78631036054288
1.5309986048794,0,TRUE,57,"Female",3,0.922361277128005
0.819720286481636,1,TRUE,59,"Male",3,1.03505028800821
-1.23924326677506,1,TRUE,34,"Male",5,-1.40654494772948
1.98022701649904,0,TRUE,39,"Female",4,2.08681438955675
1.34382010003788,1,TRUE,24,"Female",4,-1.40654494772948
-0.0787365367576475,1,TRUE,35,"Male",3,0.0959751973398654
1.83048421262583,1,TRUE,46,"Male",4,0.546731240860669
0.744848884545029,1,TRUE,38,"Female",3,1.18530230251514
-0.378222144504075,0,TRUE,36,"Female",4,-0.16696582804727
-0.490529247408986,1,TRUE,49,"Female",4,0.0959751973398654
-0.303350742567468,1,TRUE,35,"Female",1,-0.279654838927471
-1.61360027645809,0,TRUE,44,"Female",5,-1.40654494772948
1.19407729616467,1,TRUE,31,"Female",1,0.884798273501272
-0.490529247408986,1,TRUE,49,"Female",2,-0.279654838927471
-1.61360027645809,1,TRUE,57,"Male",1,-1.40654494772948
1.41869150197449,0,TRUE,33,"Male",4,1.63605834603594
1.15664159519637,1,TRUE,42,"Male",3,0.546731240860669
2.12996982037226,0,TRUE,34,"Female",2,-0.655284875194807
-0.864886257092021,1,TRUE,42,"Prefer to self describe",1,-1.40654494772948
0.22074907098878,0,TRUE,37,"Female",3,0.396479226353735
0.258184771957084,0,TRUE,36,"Female",4,0.471605233607202
-0.116172237725951,0,TRUE,40,"Male",4,0.133538200966599
0.033570566147263,0,TRUE,34,"Female",4,-0.242091835300737
-0.902321958060324,1,TRUE,21,"Female",3,-0.655284875194807
0.632541781640119,1,TRUE,47,"Male",3,-1.33141894047601
1.15664159519637,0,TRUE,46,"Female",4,1.18530230251514
-1.01462906096523,0,TRUE,36,"Prefer to self describe",1,-0.843099893328476
0.894591688418243,0,TRUE,45,"Female",3,0.847235269874538
0.0710062671155664,0,TRUE,29,"Female",2,0.0959751973398654
-0.0787365367576475,0,TRUE,45,"Female",3,0.0959751973398654
-0.902321958060324,0,TRUE,38,"Female",2,-0.617721871568074
-0.303350742567468,1,TRUE,45,"Female",1,-0.918225900581943
0.258184771957084,0,TRUE,31,"Male",2,0.509168237233935
-1.42642177161657,1,TRUE,32,"Male",5,-1.21872992959581
-0.415657845472379,0,TRUE,21,"Female",2,-0.16696582804727
0.782284585513333,1,TRUE,33,"Male",2,-1.21872992959581
0.295620472925387,1,TRUE,44,"Female",4,-0.317217842554205
0.407927575830298,0,TRUE,32,"Male",2,-0.730410882448275
0.295620472925387,1,TRUE,52,"Female",3,0.509168237233935
1.19407729616467,1,TRUE,49,"Male",4,0.809672266247805
-1.53872887452148,1,TRUE,55,"Female",2,-0.279654838927471
-1.38898607064827,0,TRUE,21,"Female",1,-1.18116692596908
-0.153607938694254,0,TRUE,62,"Female",4,0.884798273501272
-0.490529247408986,0,TRUE,43,"Female",2,-0.467469857061139
1.56843430584771,0,TRUE,34,"Female",4,1.59849534240921
0.295620472925387,1,TRUE,34,"Male",3,0.509168237233935
-0.116172237725951,0,TRUE,21,"Male",3,0.0959751973398654
-0.116172237725951,1,TRUE,66,"Male",2,-0.279654838927471
0.707413183576726,1,TRUE,59,"Female",5,-0.99335190783541
0.744848884545029,1,TRUE,25,"Male",3,1.18530230251514
1.64330570778431,0,TRUE,41,"Male",5,1.82387336416961
1.68074140875262,1,TRUE,60,"Male",4,1.56093233878248
0.295620472925387,1,TRUE,20,"Male",3,-0.204528831674004
0.0710062671155664,1,TRUE,34,"Female",4,0.283790215473534
0.595106080671815,1,TRUE,28,"Female",4,1.44824332790228
1.11920589422806,0,TRUE,73,"Female",5,0.884798273501272
1.38125580100619,1,TRUE,44,"Male",4,1.59849534240921
1.75561281068922,1,TRUE,46,"Female",4,1.97412537867655
1.60587000681601,1,TRUE,60,"Female",2,-0.692847878821541
1.04433449229146,0,TRUE,69,"Female",4,1.44824332790228
-0.116172237725951,0,TRUE,68,"Female",4,-0.805536889701742
-0.977193359996931,1,TRUE,28,"Male",5,-1.40654494772948
1.11920589422806,1,TRUE,62,"Male",2,1.29799131339534
1.00689879132315,1,TRUE,38,"Female",4,0.0959751973398654
0.85715598744994,0,TRUE,41,"Male",2,-0.0167138135403355
-1.23924326677506,1,TRUE,26,"Female",2,-1.33141894047601
1.00689879132315,1,TRUE,31,"Female",5,-0.655284875194807
-1.61360027645809,1,TRUE,32,"Male",2,-1.40654494772948
-1.05206476193354,1,TRUE,31,"Prefer to self describe",2,-0.843099893328476
-1.42642177161657,1,TRUE,52,"Female",3,-1.40654494772948
-0.116172237725951,1,TRUE,38,"Prefer to self describe",1,-0.279654838927471
-0.677707752250503,1,TRUE,66,"Male",4,-0.730410882448275
-0.303350742567468,1,TRUE,32,"Female",4,-0.279654838927471
1.00689879132315,1,TRUE,48,"Female",5,0.0584121937131317
2.05509841843565,0,TRUE,43,"Female",3,-0.279654838927471
0.295620472925387,1,TRUE,60,"Male",3,0.509168237233935
-1.27667896774336,0,TRUE,58,"Female",4,-1.06847791508888
-0.116172237725951,0,TRUE,38,"Female",2,0.0959751973398654
-0.415657845472379,0,TRUE,34,"Female",2,0.471605233607202
1.00689879132315,1,TRUE,43,"Male",2,1.22286530614187
-0.864886257092021,1,TRUE,26,"Male",4,-1.40654494772948
-0.677707752250503,0,TRUE,47,"Male",3,0.471605233607202
0.482798977766905,1,TRUE,52,"Female",3,0.847235269874538
0.819720286481636,1,TRUE,28,"Male",3,1.03505028800821
-0.415657845472379,1,TRUE,41,"Female",2,-0.542595864314606
2.12996982037226,1,TRUE,31,"Male",3,2.34975541494388
0.183313370020477,1,TRUE,28,"Female",1,-1.06847791508888
0.295620472925387,1,TRUE,35,"Female",4,0.471605233607202
-1.61360027645809,0,TRUE,33,"Female",4,-1.40654494772948
1.00689879132315,0,TRUE,31,"Male",4,1.22286530614187
0.669977482608422,1,TRUE,22,"Female",2,-0.429906853434406
0.632541781640119,1,TRUE,52,"Male",3,-0.880662896955209
1.00689879132315,1,TRUE,27,"Male",4,0.696983255367604
0.632541781640119,1,TRUE,38,"Male",2,-0.730410882448275
0.0710062671155664,0,TRUE,40,"Female",3,0.0584121937131317
-1.23924326677506,1,TRUE,18,"Male",5,-1.40654494772948
1.38125580100619,0,TRUE,25,"Female",3,0.471605233607202
2.12996982037226,1,TRUE,57,"Female",3,0.283790215473534
1.38125580100619,0,TRUE,39,"Female",4,1.59849534240921
-0.939757659028628,1,TRUE,31,"Female",2,-0.617721871568074
1.00689879132315,1,TRUE,31,"Male",2,-0.0167138135403355
0.0710062671155664,1,TRUE,53,"Female",1,-0.467469857061139
0.819720286481636,0,TRUE,32,"Female",3,1.59849534240921
-0.116172237725951,1,TRUE,61,"Male",4,-1.03091491146214
-1.23924326677506,0,TRUE,57,"Female",4,-1.03091491146214
-0.939757659028628,1,TRUE,34,"Female",3,-0.692847878821541
-1.38898607064827,0,TRUE,48,"Male",4,-1.18116692596908
2.12996982037226,1,TRUE,25,"Female",3,0.471605233607202
0.632541781640119,0,TRUE,30,"Female",3,0.847235269874538
0.258184771957084,0,TRUE,21,"Male",3,0.471605233607202
1.00689879132315,1,TRUE,34,"Female",4,-0.918225900581943
1.15664159519637,0,TRUE,47,"Male",4,-0.354780846180938
1.00689879132315,1,TRUE,50,"Male",1,-1.33141894047601
0.557670379703512,1,TRUE,29,"Male",2,0.584294244487403
-0.303350742567468,1,TRUE,26,"Female",3,0.0208491900863981
-1.01462906096523,0,TRUE,23,"Female",2,-1.40654494772948
-0.490529247408986,0,TRUE,77,"Female",5,-1.40654494772948
0.632541781640119,1,TRUE,48,"Male",2,0.847235269874538
-0.116172237725951,0,TRUE,21,"Male",2,-0.0918398207938028
0.707413183576726,0,TRUE,48,"Female",4,0.509168237233935
0.632541781640119,0,TRUE,65,"Female",2,0.471605233607202
1.75561281068922,0,TRUE,55,"Female",4,1.93656237504981
-0.490529247408986,1,TRUE,20,"Male",3,-0.279654838927471
0.894591688418243,1,TRUE,26,"Male",5,0.997487284381473
-1.05206476193354,0,TRUE,58,"Female",1,-0.843099893328476
-0.453093546440682,1,TRUE,32,"Male",5,1.03505028800821
0.445363276798601,0,TRUE,34,"Male",4,0.0959751973398654
-1.35155036967997,1,TRUE,55,"Male",1,-1.40654494772948
1.64330570778431,1,TRUE,65,"Female",2,1.18530230251514
-0.191043639662558,0,TRUE,29,"Female",2,-0.392343849807672
-1.42642177161657,0,TRUE,45,"Male",5,-0.955788904208677
0.520234678735208,1,TRUE,52,"Male",4,0.584294244487403
2.12996982037226,1,TRUE,34,"Male",3,0.546731240860669
-0.490529247408986,0,TRUE,37,"Female",2,-0.279654838927471
0.632541781640119,0,TRUE,29,"Female",2,0.133538200966599
1.19407729616467,1,TRUE,54,"Female",4,1.41068032427554
0.295620472925387,1,TRUE,26,"Female",3,0.509168237233935
1.38125580100619,1,TRUE,28,"Male",3,0.471605233607202
-0.864886257092021,1,TRUE,28,"Male",2,-0.655284875194807
1.19407729616467,1,TRUE,37,"Female",2,0.471605233607202
0.258184771957084,1,TRUE,37,"Female",3,0.471605233607202
2.12996982037226,0,TRUE,37,"Female",3,1.93656237504981
-0.490529247408986,0,TRUE,40,"Male",1,-0.655284875194807
1.56843430584771,1,TRUE,37,"Male",3,1.59849534240921
1.68074140875262,0,TRUE,41,"Female",3,1.63605834603594
0.033570566147263,0,TRUE,31,"Female",3,-0.129402824420536
0.520234678735208,0,TRUE,34,"Female",3,0.772109262621071
0.632541781640119,1,TRUE,45,"Male",4,0.65942025174087
1.71817710972092,0,TRUE,43,"Male",1,0.696983255367604
0.258184771957084,0,TRUE,54,"Female",5,0.471605233607202
0.258184771957084,0,TRUE,23,"Female",3,0.471605233607202
2.05509841843565,0,TRUE,30,"Male",5,1.59849534240921
-0.153607938694254,0,TRUE,32,"Male",3,-0.99335190783541
-0.303350742567468,0,TRUE,26,"Female",3,-0.655284875194807
-0.902321958060324,0,TRUE,38,"Male",2,-0.767973886075008
1.38125580100619,1,TRUE,35,"Male",2,1.63605834603594
0.295620472925387,0,TRUE,23,"Female",2,0.471605233607202
1.15664159519637,0,TRUE,30,"Male",4,1.41068032427554
-0.116172237725951,1,TRUE,49,"Female",2,-0.279654838927471
-0.677707752250503,1,TRUE,45,"Male",2,-0.279654838927471
1.08177019325976,0,TRUE,29,"Male",3,0.809672266247805
0.632541781640119,1,TRUE,47,"Female",4,-0.655284875194807
1.41869150197449,1,TRUE,56,"Prefer to self describe",2,0.396479226353735
0.258184771957084,0,TRUE,29,"Female",5,0.471605233607202
1.00689879132315,0,TRUE,61,"Male",4,0.0959751973398654
0.333056173893691,0,TRUE,34,"Female",3,0.734546258994337
-1.61360027645809,1,TRUE,28,"Male",3,-1.40654494772948
-1.61360027645809,1,TRUE,48,"Female",3,-1.33141894047601
2.12996982037226,1,TRUE,25,"Male",5,2.27462940769042
0.632541781640119,1,TRUE,35,"Male",3,-0.467469857061139
1.26894869810128,1,TRUE,55,"Male",5,-1.25629293322255
1.41869150197449,1,TRUE,55,"Male",1,1.82387336416961
1.94279131553074,1,TRUE,36,"Male",5,1.26042830976861
1.26894869810128,0,TRUE,34,"Male",5,1.74874735691615
1.34382010003788,1,TRUE,30,"Male",5,1.74874735691615
1.68074140875262,0,TRUE,36,"Male",5,0.621857248114136
0.632541781640119,0,TRUE,22,"Female",4,0.283790215473534
-1.31411466871166,0,TRUE,33,"Male",5,-0.843099893328476
0.0710062671155664,0,TRUE,42,"Female",2,0.283790215473534
1.41869150197449,1,TRUE,32,"Male",1,1.89899937142308
1.90535561456244,1,TRUE,32,"Male",2,2.12437739318348
1.00689879132315,1,TRUE,45,"Female",2,1.29799131339534
0.258184771957084,1,TRUE,38,"Female",1,0.0959751973398654
-1.61360027645809,0,TRUE,37,"Female",1,-1.40654494772948
-0.415657845472379,1,TRUE,59,"Male",2,-0.767973886075008
0.819720286481636,1,TRUE,58,"Male",4,-0.129402824420536
-0.490529247408986,0,TRUE,22,"Female",2,-0.655284875194807
0.033570566147263,1,TRUE,55,"Female",4,-0.0918398207938028
1.38125580100619,1,TRUE,28,"Male",4,1.59849534240921
-0.340786443535772,1,TRUE,23,"Female",2,-1.06847791508888
1.26894869810128,1,TRUE,34,"Female",2,-0.655284875194807
1.04433449229146,1,TRUE,35,"Female",1,-0.0167138135403355
-0.116172237725951,0,TRUE,33,"Female",3,0.621857248114136
1.26894869810128,1,TRUE,29,"Male",3,0.847235269874538
-0.6402720512822,1,TRUE,43,"Female",4,-0.242091835300737
-0.490529247408986,1,TRUE,35,"Male",2,-0.279654838927471
-0.864886257092021,0,TRUE,31,"Female",3,-0.317217842554205
-1.42642177161657,0,TRUE,36,"Female",1,-1.14360392234234
0.183313370020477,1,TRUE,28,"Male",4,0.358916222727001
-1.23924326677506,0,TRUE,28,"Male",3,-1.03091491146214
0.669977482608422,1,TRUE,63,"Female",4,0.471605233607202
1.11920589422806,0,TRUE,32,"Male",2,-0.617721871568074
2.12996982037226,1,TRUE,33,"Male",3,0.471605233607202
1.41869150197449,1,TRUE,22,"Female",4,0.884798273501272
0.0710062671155664,0,TRUE,26,"Female",2,-0.242091835300737
0.258184771957084,0,TRUE,27,"Female",4,-0.542595864314606
0.295620472925387,1,TRUE,33,"Male",2,0.509168237233935
1.38125580100619,0,TRUE,65,"Male",2,2.12437739318348
-0.490529247408986,0,TRUE,22,"Male",4,1.56093233878248
-0.864886257092021,0,TRUE,37,"Male",5,-1.18116692596908
0.0710062671155664,0,TRUE,42,"Female",4,0.133538200966599
-0.715143453218807,1,TRUE,54,"Male",4,-0.843099893328476
0.819720286481636,1,TRUE,40,"Female",2,-0.0918398207938028
0.520234678735208,1,TRUE,37,"Male",3,0.358916222727001
0.258184771957084,1,TRUE,42,"Male",1,0.471605233607202
2.12996982037226,0,TRUE,62,"Female",4,2.34975541494388
-1.42642177161657,0,TRUE,30,"Female",1,-1.40654494772948
0.445363276798601,1,TRUE,42,"Female",2,0.0584121937131317
-0.864886257092021,1,TRUE,44,"Male",5,-0.655284875194807
0.295620472925387,0,TRUE,56,"Female",4,0.509168237233935
-0.75257915418711,0,TRUE,57,"Female",3,-0.354780846180938
0.333056173893691,0,TRUE,39,"Male",3,0.471605233607202
1.75561281068922,1,TRUE,29,"Male",3,1.97412537867655
