"Z","D","Y"
0,0,-0.977054536342621
0,1,0.993014872074127
0,0,1.36326420307159
0,1,1.66188371181488
0,0,-1.05229008197784
0,1,-1.18962895870209
0,0,-0.94609123468399
0,0,-0.0693772807717323
0,0,-1.2640346288681
0,1,1.33029580116272
0,1,1.20437455177307
0,1,-0.364213526248932
0,1,-0.0712039843201637
0,0,-1.23369252681732
0,1,0.773078262805939
0,0,1.44427168369293
0,0,-1.44271922111511
0,1,1.4936341047287
0,1,0.16642689704895
0,2,-0.901571154594421
0,2,-0.963257133960724
0,0,-1.33843791484833
0,1,1.18652141094208
0,1,-0.590040385723114
0,0,-0.106721341609955
0,1,0.650178015232086
0,2,-0.111277967691422
0,1,0.829731822013855
0,2,1.6051299571991
0,0,-1.60168480873108
0,2,1.43493020534515
0,0,-0.401768773794174
0,2,-0.445562243461609
0,1,-0.371266931295395
0,0,-1.47133302688599
0,1,1.38570010662079
0,0,-0.365308582782745
0,2,1.77211630344391
0,1,-1.13558804988861
0,0,-1.56989169120789
0,2,0.106137841939926
0,0,-0.411161780357361
0,1,-0.185727834701538
0,1,0.341676890850067
0,1,-0.650395750999451
0,1,0.56614363193512
0,2,1.27010977268219
0,1,-1.21825242042542
1,2,-1.255038022995
1,2,0.51345294713974
1,0,-1.60168480873108
1,2,-0.228816732764244
1,2,0.88629162311554
1,2,-1.27546787261963
1,2,0.506399571895599
1,2,-0.0925488397479057
0,2,1.35179138183594
0,2,1.2882307767868
0,1,0.765505969524384
0,0,0.111376851797104
0,0,0.885906338691711
1,0,-1.01030600070953
1,2,-0.891311407089233
1,0,-1.07518362998962
1,1,1.66331005096436
1,2,-1.03891003131866
1,0,-1.18389391899109
1,2,-0.123776711523533
1,1,-0.588721990585327
1,2,-0.478960901498795
1,0,-1.11076974868774
1,1,0.47503125667572
1,1,-0.196245327591896
1,2,0.679796516895294
1,2,0.855314910411835
1,2,1.04038655757904
1,2,-1.13645219802856
1,2,0.570268034934998
1,2,0.147257700562477
1,2,1.32715702056885
1,1,1.11503744125366
1,2,0.514201939105988
1,0,-1.13111984729767
1,2,-0.366170197725296
1,2,0.358737200498581
1,2,-0.0441096648573875
1,2,-0.107727907598019
1,0,-1.04848456382751
1,1,1.53193235397339
1,0,0.0407595001161098
1,2,1.25253093242645
1,1,1.3175300359726
1,2,0.420078307390213
1,2,-1.37784421443939
1,1,0.855605781078339
1,1,-1.24940729141235
1,0,-0.0389369167387486
1,2,0.731210052967072
1,2,0.27576071023941
1,2,0.823039293289185
0,0,-0.153171196579933
0,1,-0.743243932723999
0,0,-1.34416055679321
0,1,1.19887042045593
0,0,-1.14512610435486
0,0,0.0919118821620941
0,0,0.308521240949631
0,1,-0.295366197824478
0,0,-0.699492216110229
0,1,0.553455710411072
0,1,0.868363797664642
0,0,-0.947363018989563
0,1,1.29460835456848
0,1,0.0258559472858906
0,0,0.0244798250496387
0,1,-1.38040471076965
1,2,-0.18620403110981
1,1,-0.449910074472427
1,2,-0.995681166648865
1,2,-0.194701001048088
1,1,-0.0526729896664619
1,2,0.273823797702789
1,2,0.830572724342346
1,2,-0.289744049310684
1,1,1.01800405979156
1,2,-0.970020949840546
1,2,-1.05926489830017
1,2,-0.621828615665436
1,2,0.206741631031036
1,2,-0.254241347312927
1,2,0.451776891946793
1,2,-0.418716102838516
1,0,-0.61802077293396
1,0,-1.41027557849884
1,1,1.37452173233032
1,2,0.178924590349197
1,0,-1.29708480834961
1,1,1.22647321224213
1,2,0.908207535743713
1,2,0.0121774906292558
1,0,-1.22143197059631
1,0,-1.09552383422852
1,1,0.987083971500397
1,2,0.474164545536041
1,0,-0.663166999816895
1,2,0.917452454566956
1,2,0.451926440000534
1,0,-1.60168480873108
0,2,-0.329290270805359
0,0,-0.718813478946686
0,0,-1.24242258071899
0,0,-1.15721714496613
0,1,0.909235715866089
0,1,0.289010673761368
0,1,0.652139663696289
0,1,0.408675670623779
0,2,-0.270790904760361
0,0,-0.528575301170349
0,1,0.590058445930481
0,0,-1.20581030845642
0,0,-1.2589453458786
1,1,1.1620397567749
1,2,1.8270605802536
1,2,0.550681591033936
1,2,0.793823957443237
1,2,1.17256343364716
1,2,0.487939834594727
1,2,0.822912573814392
1,1,-0.655922114849091
1,2,-0.0587395802140236
1,2,0.28652635216713
1,2,1.80480551719666
1,0,-0.17988233268261
1,0,-0.946727156639099
1,0,-0.938436388969421
1,0,-0.994409441947937
1,0,-1.37402653694153
1,1,-0.806444704532623
1,1,0.421245574951172
1,2,0.0802638679742813
1,1,0.270720481872559
1,2,0.25782898068428
1,2,0.356711715459824
1,1,-0.541675567626953
1,0,-1.00587213039398
1,2,-0.668219566345215
1,0,-1.53809857368469
1,0,0.268434822559357
1,1,-0.569629013538361
1,2,-0.122608080506325
1,2,0.271241128444672
1,0,-0.82360315322876
1,0,-1.08216834068298
1,1,1.14557361602783
1,2,0.122245632112026
1,1,-0.378236919641495
1,1,0.745298326015472
1,2,-0.149967283010483
1,0,-1.09044182300568
1,2,-0.099886491894722
1,0,-1.1750066280365
1,2,0.359806895256042
1,1,1.36400806903839
1,0,-0.9238361120224
1,0,-0.65040796995163
1,0,-0.519003093242645
1,0,-0.771231591701508
1,0,-1.12796747684479
1,1,-0.246237874031067
1,1,0.513244688510895
1,0,1.24943041801453
1,1,-0.259986162185669
1,2,-0.20819565653801
1,2,0.639714241027832
1,2,0.0422864370048046
1,0,-1.50630533695221
1,1,0.891908645629883
1,2,-0.652142524719238
1,2,-0.51818060874939
1,1,-0.772024631500244
1,2,1.60374295711517
1,1,1.36790943145752
1,2,1.46292996406555
1,2,-0.189503774046898
1,2,1.56653654575348
1,1,1.61584138870239
1,2,0.715200483798981
0,1,-0.0515658818185329
0,1,1.53263223171234
0,1,1.06228053569794
0,1,-0.106350600719452
0,0,0.202123612165451
0,1,0.283550649881363
0,1,-0.485717207193375
0,0,-0.714635014533997
0,1,0.403075724840164
0,1,0.0771311894059181
0,1,0.599374175071716
0,1,1.06286215782166
0,1,-0.31883904337883
0,1,0.456210553646088
0,0,-1.4147412776947
0,0,-1.2455872297287
0,1,0.766944587230682
0,1,1.01130139827728
1,2,-0.931451737880707
1,2,1.15398728847504
1,0,-1.38674378395081
1,2,1.23919498920441
1,0,-1.25703036785126
1,0,0.0636406168341637
1,2,0.79701155424118
1,2,0.496824890375137
1,0,1.8270605802536
1,1,-0.0851191356778145
1,2,0.649880945682526
1,2,-0.294342309236526
1,2,-0.176702901721001
1,2,-0.726721227169037
1,0,-0.912395477294922
1,2,0.141429379582405
1,0,0.360573530197144
1,2,0.892424404621124
1,0,-1.1211816072464
1,2,-0.0704844817519188
1,0,-1.56989169120789
1,0,-1.60168480873108
1,2,-0.762329518795013
1,2,0.19313807785511
1,2,0.172512963414192
1,0,-1.19026243686676
1,1,1.7602950334549
1,0,0.245887562632561
1,2,1.8270605802536
1,1,1.8270605802536
1,2,0.00779286492615938
1,1,0.123504944145679
1,2,0.2966388463974
1,2,0.615615606307983
1,2,0.582376599311829
1,2,0.851603925228119
1,1,0.936767756938934
1,1,0.959141671657562
1,2,0.150176897644997
1,0,-0.698733568191528
1,1,0.555432140827179
1,0,-0.987412571907043
1,2,-0.0418791100382805
1,1,0.357089430093765
1,0,-0.0383993312716484
1,2,0.823781311511993
1,0,0.401303380727768
1,0,-0.953105390071869
1,2,-0.44704270362854
1,1,0.0908133164048195
1,2,1.69474470615387
1,2,0.503740668296814
1,2,0.877556383609772
1,2,0.0999559313058853
1,2,0.554010689258575
1,2,1.31068921089172
1,0,-1.13239896297455
1,2,0.54533439874649
0,0,-1.28375363349915
0,2,0.707273423671722
0,2,0.0220174416899681
0,0,-1.22205793857574
0,1,1.25472342967987
0,1,-0.0470558665692806
0,2,-0.432312190532684
0,2,0.425291568040848
0,2,0.213134616613388
0,2,0.782474219799042
0,0,-1.60168480873108
0,2,-0.1691904515028
0,2,1.64870250225067
0,1,1.64482843875885
0,1,0.279190540313721
0,1,-0.163794249296188
0,1,-1.24431562423706
0,1,-1.41536748409271
0,1,0.312483698129654
1,2,-0.28948375582695
1,2,0.814643144607544
1,1,0.231233358383179
1,1,1.37887585163116
1,2,0.219483375549316
1,2,-0.498213529586792
1,1,0.0445064008235931
1,2,0.756969690322876
1,1,0.970512628555298
1,2,1.72343242168427
1,0,-1.40944337844849
1,1,0.902421474456787
1,2,0.468481093645096
1,2,1.60287141799927
1,2,1.23899674415588
1,2,0.157740861177444
1,1,0.294771641492844
1,1,0.370666325092316
1,1,0.671691834926605
1,0,-0.890766322612762
1,2,1.1467581987381
1,1,1.42420136928558
1,0,-0.880602359771729
1,1,0.42824998497963
0,1,-0.187242582440376
0,1,1.58221423625946
0,1,1.09352600574493
0,1,1.45786273479462
0,1,1.26049911975861
0,2,-0.478170454502106
0,2,-0.621784448623657
0,0,0.0759551599621773
0,1,0.166743606328964
0,2,0.167386919260025
0,1,1.28017008304596
0,0,0.100560002028942
0,1,-0.388724982738495
0,1,1.8270605802536
0,1,1.77211630344391
0,2,-0.668253898620605
0,1,0.274872064590454
0,1,1.8270605802536
0,2,-1.39564347267151
0,1,1.74002110958099
0,1,1.8270605802536
1,2,0.218098759651184
1,2,0.156798154115677
1,2,-0.12158191204071
1,2,1.8270605802536
1,2,0.919500410556793
1,1,-0.880592584609985
1,2,1.47849380970001
1,0,-0.0566428825259209
1,2,1.66951406002045
1,1,-0.101568125188351
1,2,-1.12966156005859
1,1,1.11736238002777
1,2,1.32095122337341
1,2,-0.121024496853352
1,2,0.681870639324188
1,2,0.374824851751328
1,1,0.70570182800293
1,2,0.0790805518627167
1,2,-0.262350410223007
1,2,-0.11756294220686
1,1,0.848495960235596
1,0,-1.18072688579559
1,1,0.771288931369781
1,1,-0.0876625329256058
1,1,-0.819535136222839
1,0,-0.616061687469482
1,1,1.68969964981079
1,1,0.965243875980377
1,1,1.03222465515137
1,1,0.106584653258324
1,1,-0.190377771854401
1,1,-0.663765966892242
1,1,0.699397265911102
1,1,0.574571847915649
1,0,-0.301918774843216
1,1,0.0707651823759079
1,0,0.761726319789886
1,1,1.20722329616547
1,1,1.77746331691742
1,1,-0.0513694360852242
1,1,-0.0221713036298752
1,1,0.12958624958992
1,1,0.0689141899347305
1,0,-0.543067634105682
1,1,1.55929028987885
1,1,0.943917155265808
1,1,1.50782835483551
1,2,1.17277574539185
1,0,-1.21252000331879
1,2,-0.052184484899044
1,0,-1.14303910732269
1,1,-0.0160114709287882
1,2,-0.166330322623253
1,2,0.563879907131195
1,1,-0.176698043942451
1,0,-1.23924338817596
1,2,-0.766773223876953
1,1,-0.177311882376671
1,0,-1.32572054862976
1,0,-1.50312614440918
1,1,0.0503612384200096
1,0,-0.142813205718994
1,1,0.442901879549026
1,2,-0.163288578391075
1,0,0.109672173857689
1,2,0.535919368267059
1,0,-1.20871460437775
1,0,-0.271407186985016
1,0,-1.33144342899323
1,0,0.455483943223953
1,0,-1.32126224040985
1,2,0.0296108666807413
1,2,0.476717889308929
1,2,0.898112654685974
1,2,-1.08788847923279
1,2,-1.17628335952759
1,1,1.55132150650024
1,2,0.776208877563477
1,0,-0.542947292327881
1,0,-0.258073687553406
1,2,0.201720863580704
1,2,-0.935281693935394
1,0,-0.400497049093246
1,2,-0.380873560905457
1,2,-0.846493244171143
1,0,-0.636414110660553
1,2,-1.2748419046402
1,2,-0.14339753985405
1,0,-1.60168480873108
1,2,-1.15784311294556
1,0,-1.49358832836151
1,0,-0.919380187988281
1,2,0.2930788397789
1,2,-0.207207068800926
1,2,0.013027005828917
1,1,-0.39923506975174
1,2,0.474674165248871
1,2,0.826008915901184
1,2,0.792080879211426
1,2,0.0141587927937508
1,1,0.0349875390529633
1,2,-0.629252731800079
1,2,-0.271360456943512
1,2,0.0416530966758728
1,0,-1.56989169120789
1,2,0.58021354675293
0,0,-0.604630827903748
0,0,-0.12640118598938
0,0,-1.03954827785492
0,0,-1.18200600147247
0,0,-0.344499319791794
0,0,-1.33462262153625
0,0,-1.08027780056
0,0,-1.11015594005585
0,0,-0.686043202877045
0,0,-1.36641573905945
0,0,0.13397952914238
0,0,0.510131239891052
0,0,-1.38039743900299
0,0,-0.308014571666718
0,2,-0.994866013526917
0,2,-0.0609294138848782
0,2,-1.45861577987671
0,2,-1.23858058452606
0,0,-1.37023091316223
0,1,0.0569898262619972
0,1,-0.776942193508148
0,0,-0.493985921144485
0,0,-1.00522649288177
0,0,-0.535302221775055
0,2,0.140619277954102
0,2,-0.643003582954407
0,2,-0.504142582416534
0,1,0.578770101070404
0,2,-0.579176723957062
0,0,-1.12160885334015
0,0,-1.0221860408783
1,0,-0.801738262176514
1,2,0.679972767829895
1,2,1.81815850734711
1,2,-0.265684485435486
1,0,1.71323156356812
1,2,1.64450204372406
1,1,1.60672831535339
1,2,1.75838005542755
1,2,1.03728294372559
1,2,0.630267560482025
1,0,-0.243213221430779
1,1,0.272080689668655
1,2,0.580483376979828
1,2,1.78255021572113
1,2,0.815308272838593
1,2,0.467521250247955
1,2,-0.713355958461761
1,1,0.847165822982788
1,0,-1.10188245773315
1,1,1.74464392662048
1,0,-0.59571897983551
1,2,1.05803620815277
1,2,1.66254425048828
1,2,1.8270605802536
1,1,0.265587121248245
1,2,0.777824997901917
1,2,1.49311029911041
1,2,1.48067283630371
1,2,0.10785873234272
1,2,1.23248541355133
1,1,0.247355714440346
1,2,0.30890417098999
1,1,0.541823625564575
1,2,1.57991647720337
1,2,0.851549923419952
1,2,1.6645872592926
1,2,-0.327468663454056
1,2,1.8270605802536
1,2,0.0825789421796799
1,2,1.13532447814941
1,1,0.703729212284088
1,1,0.805279433727264
1,2,0.843573808670044
1,2,-0.210374191403389
1,2,0.277609437704086
1,2,0.260215371847153
1,1,1.1754367351532
1,2,0.504789054393768
1,2,0.760266780853271
1,2,1.11395025253296
1,2,0.319127053022385
1,0,-0.774442791938782
1,0,-1.17692875862122
1,2,0.192492917180061
1,2,-0.308311730623245
1,2,0.737875461578369
1,2,-0.0408126302063465
1,1,1.56631660461426
1,1,-0.22146375477314
1,1,0.555792987346649
1,1,1.46127068996429
1,2,1.59526395797729
1,2,0.382968634366989
1,2,0.0995779857039452
1,2,-0.154953598976135
1,1,1.78700125217438
1,0,-0.754060864448547
1,2,-0.626866400241852
1,2,-1.33588469028473
1,1,0.398732662200928
1,2,1.8270605802536
1,2,0.957710027694702
1,2,-0.658055484294891
1,2,-0.0418461635708809
1,2,1.45440721511841
1,2,-1.58388066291809
1,2,1.53078329563141
1,2,0.0553008615970612
1,2,-0.434622466564178
1,2,1.17957925796509
1,0,-1.15720725059509
1,0,-0.286076128482819
1,2,0.904958724975586
1,2,-0.367682635784149
1,2,0.50355476140976
1,2,0.753346025943756
1,0,-0.757728815078735
1,1,1.67485392093658
1,2,1.41533386707306
1,2,-0.928957343101501
1,2,1.74464392662048
1,1,-0.56698739528656
1,0,-1.42491507530212
1,0,-1.53809857368469
1,0,-0.548657774925232
1,0,-1.34733998775482
1,0,-0.127543121576309
1,1,0.277901709079742
1,0,-1.28247463703156
1,1,1.48576176166534
1,1,-1.53046834468842
1,1,-0.734960556030273
1,0,-1.23414671421051
1,0,-0.093237116932869
1,0,-0.228873014450073
1,1,1.39262092113495
1,1,0.5938441157341
1,0,-1.60168480873108
1,1,0.373006016016006
1,1,0.901555299758911
1,1,-0.118193820118904
1,1,0.414425432682037
1,0,0.25977098941803
1,2,-0.0830863788723946
1,2,-0.0558792948722839
1,0,-1.43000197410583
1,0,-0.0635072588920593
1,2,1.11753368377686
1,0,0.0515814647078514
1,2,1.62043797969818
1,1,-1.15085852146149
1,1,-0.824268400669098
1,1,-0.881879091262817
1,0,-0.411316394805908
1,2,-0.481295645236969
1,2,-1.60168480873108
1,1,-0.0944797098636627
1,1,1.7602950334549
1,2,-0.0545612648129463
1,1,0.213899210095406
1,2,-0.136970177292824
1,1,-0.155931740999222
1,0,0.460608899593353
1,2,1.63354003429413
1,2,0.587590932846069
1,2,0.159913614392281
1,2,-0.329312384128571
1,2,0.0367772504687309
1,2,1.42513227462769
1,2,1.8270605802536
1,2,0.652395009994507
1,2,0.801432311534882
1,2,-0.480605840682983
1,2,0.751594305038452
1,2,-0.106392383575439
1,2,0.235269263386726
1,2,0.0176572781056166
1,0,-0.0416276827454567
1,0,-0.22174859046936
1,0,-0.464753448963165
1,2,-0.0355514548718929
1,2,-1.13520503044128
1,0,0.155440464615822
1,0,-0.512214779853821
1,2,0.0812508463859558
1,1,1.3185601234436
1,1,0.315559804439545
1,0,-0.667861104011536
1,2,1.27942132949829
1,2,0.129370167851448
1,2,1.43693125247955
1,2,0.312351077795029
1,2,1.10776388645172
1,0,-1.14512610435486
1,1,-0.258797913789749
1,2,-0.0141285480931401
1,1,1.27178740501404
1,2,0.264283329248428
1,2,-0.457574844360352
1,2,-1.54827237129211
1,2,0.49467658996582
1,2,-0.109146989881992
1,0,0.178586736321449
1,2,0.491250514984131
1,2,0.851396143436432
1,1,-0.00479433126747608
1,0,-1.56989169120789
1,2,0.240073949098587
1,1,-0.89329993724823
1,2,0.627282202243805
1,2,1.8270605802536
1,1,0.469035863876343
1,0,-1.15402805805206
0,1,1.45932877063751
0,1,-0.440931975841522
0,1,0.452014952898026
0,0,1.80480551719666
0,0,-1.13239896297455
0,1,0.56158709526062
0,1,1.49868810176849
0,1,0.643215477466583
0,1,0.186811313033104
0,1,0.567272901535034
0,1,-0.528985202312469
0,1,0.938061475753784
0,0,0.596191227436066
0,0,-1.23986947536469
0,1,0.124091818928719
0,0,-1.2138090133667
0,1,0.103692531585693
0,0,-1.16737127304077
0,0,-1.1355904340744
0,1,1.64299690723419
0,2,-0.364903479814529
0,2,1.45162451267242
0,1,1.38149118423462
0,1,1.1626558303833
0,1,1.75838005542755
0,2,-0.252193808555603
0,2,1.54777956008911
0,2,-0.305790185928345
0,2,0.574191272258759
0,1,1.80233550071716
0,2,1.49917709827423
0,2,0.167664229869843
0,0,1.4325395822525
0,1,1.07476711273193
0,0,-1.47451233863831
0,1,-0.562644302845001
0,0,-1.17754757404327
0,0,-1.35369861125946
0,2,-0.830361902713776
1,1,-0.855798840522766
1,2,0.648130476474762
1,2,1.25643968582153
1,0,0.743220031261444
1,0,-1.37976896762848
1,0,-1.38231229782104
1,0,0.615620613098145
1,1,-1.11015594005585
1,0,-0.112463675439358
1,2,0.818095088005066
1,0,-1.07518112659454
1,2,0.40897524356842
1,2,1.01164245605469
1,1,-1.17374217510223
1,1,0.16223119199276
1,2,0.883130311965942
1,2,1.36250281333923
1,2,-0.710814952850342
1,1,-0.886965930461884
1,2,0.867359936237335
1,2,0.28219810128212
1,1,0.143256038427353
1,0,-1.2642605304718
1,1,1.26969563961029
1,2,0.0134566044434905
1,1,0.0856528356671333
1,2,1.8270605802536
1,1,1.451575756073
1,1,-0.214975073933601
1,1,-0.783946454524994
1,0,-1.60168480873108
1,0,0.100771062076092
1,0,-0.103144250810146
1,1,1.26201713085175
1,2,0.143189623951912
1,1,1.45697784423828
1,2,-1.42109024524689
1,1,-0.410665899515152
1,1,-0.390070348978043
1,0,0.115933544933796
1,1,0.8793044090271
1,1,-1.56989169120789
1,2,-0.87817919254303
1,1,-0.170634105801582
1,1,-0.492338567972183
1,2,0.0152856381610036
1,0,-0.864084661006927
1,1,1.65572893619537
1,1,-0.157443061470985
1,1,0.646407127380371
1,2,-0.490168303251266
1,2,0.0501991398632526
1,1,-0.367498368024826
1,1,-0.535299837589264
1,1,-0.00535164913162589
1,2,0.614827692508698
1,1,-0.514765560626984
1,2,1.37213099002838
1,2,0.146624445915222
1,2,0.479372382164001
1,1,0.0262524336576462
1,0,-0.387089848518372
1,2,1.07350742816925
1,1,-0.269745081663132
1,2,-0.866004705429077
1,2,1.6540914773941
1,2,-0.261164665222168
1,2,0.126060679554939
1,1,1.40121948719025
1,2,0.169306725263596
1,2,-0.0451162569224834
1,2,-0.148526266217232
1,2,-0.395218551158905
1,2,0.536690175533295
1,2,-0.191995605826378
1,2,-0.167786151170731
1,2,-0.310784012079239
1,2,0.487089842557907
1,1,1.67617475986481
1,1,1.60408651828766
1,1,1.29223704338074
1,1,1.8270605802536
1,1,1.59143340587616
1,1,1.635626912117
1,2,0.994555294513702
1,2,0.689640879631042
1,2,1.81815850734711
1,1,1.78255021572113
1,1,1.62866199016571
1,2,1.60697901248932
1,1,1.11663508415222
1,2,0.70044082403183
1,1,-1.31935214996338
1,2,1.54698920249939
1,2,0.797982692718506
1,1,-0.359192907810211
1,1,-0.712305188179016
1,2,1.60704481601715
1,2,0.510494649410248
1,2,-0.416094034910202
1,2,-0.402100205421448
1,2,-1.33377325534821
1,2,-1.14766204357147
1,2,1.36375772953033
1,2,0.573619246482849
1,2,0.333938539028168
1,1,1.1595207452774
1,2,-0.705082297325134
1,0,-0.808735251426697
1,1,-0.845615208148956
1,1,0.243400543928146
1,2,1.23882925510406
1,1,-0.764860689640045
1,2,-0.684727430343628
1,2,1.43918740749359
1,1,-0.318942040205002
1,2,0.414323598146439
1,1,-0.211992129683495
1,2,-0.141072601079941
1,2,-0.967700898647308
1,1,0.0800527557730675
1,2,1.66452527046204
1,1,-0.918749213218689
1,2,-0.226506412029266
1,2,1.15249860286713
1,0,-1.30027639865875
1,2,-0.38304391503334
1,2,0.187506139278412
1,2,1.00160872936249
1,2,0.143661096692085
1,2,0.391342908143997
1,2,0.191588938236237
1,2,0.787841022014618
1,2,0.955470442771912
1,2,-0.969618201255798
1,2,1.45358371734619
1,2,1.8270605802536
1,2,-0.801733434200287
1,2,0.013309339992702
1,2,0.284191519021988
1,2,1.2231467962265
1,2,1.32011890411377
1,2,-0.388260930776596
1,2,-0.109809763729572
1,2,1.36085605621338
1,2,0.730510354042053
1,2,-0.330485820770264
0,1,0.29160675406456
0,0,-1.21662974357605
0,0,-1.17690920829773
0,0,-1.02537024021149
0,0,-0.931486070156097
0,0,-1.11014378070831
0,0,-0.738156974315643
0,1,0.288735896348953
0,1,0.330604523420334
0,1,1.03009724617004
0,1,1.23021805286407
0,1,0.217980846762657
0,0,-0.840538203716278
0,1,1.50901663303375
0,0,-1.29011237621307
0,1,-0.947372794151306
0,0,-1.28437983989716
0,1,-0.212286606431007
0,1,0.259009897708893
0,1,1.45820200443268
0,1,-0.571178138256073
0,0,-0.985500037670135
0,1,0.712850868701935
0,1,1.28049159049988
0,1,0.345278531312943
0,1,-0.53913950920105
0,1,0.99497002363205
0,1,-0.741328954696655
0,1,-0.298147678375244
0,1,-0.119215175509453
0,1,-0.262978911399841
0,2,-1.03385007381439
0,1,-0.368573784828186
0,1,-0.111447341740131
0,1,0.0213227365165949
0,2,-0.737528502941132
0,1,-0.691110491752625
0,0,-0.968768715858459
0,1,-0.808745086193085
0,2,-1.3250652551651
1,0,-1.37277436256409
1,1,-1.31554675102234
1,1,-0.674578130245209
1,0,-0.832917630672455
1,0,-0.7203528881073
1,1,-1.09424710273743
1,1,1.35691571235657
1,2,1.72705101966858
1,1,0.169282183051109
1,2,0.144483476877213
1,1,0.834560811519623
1,1,0.179401874542236
1,1,-0.673316240310669
1,2,-0.297494679689407
1,2,-0.118223264813423
1,1,1.2592705488205
1,1,0.466921985149384
1,2,-0.094448484480381
1,2,-0.57379275560379
1,2,1.07286024093628
1,1,-0.637040138244629
1,2,0.639869213104248
1,2,0.666439294815063
1,0,-1.37722539901733
1,2,1.0321227312088
1,1,-0.387605458498001
1,2,0.293854624032974
1,1,0.49784117937088
1,0,0.700845837593079
1,2,-0.308102965354919
1,2,-0.703818023204803
1,1,1.8270605802536
1,0,-1.51074910163879
1,2,0.196967959403992
1,2,0.45564728975296
1,0,-0.978102922439575
1,2,-0.535962581634521
1,1,0.315071314573288
1,2,0.333779007196426
1,0,-0.867237031459808
1,2,1.00592827796936
1,2,0.573258459568024
1,2,1.64974594116211
1,2,1.08625674247742
1,2,0.490819811820984
1,1,1.5303829908371
1,2,1.4473625421524
1,2,-0.206986278295517
1,2,0.382158428430557
1,2,0.72916978597641
1,0,-0.528045117855072
1,2,-1.05354464054108
0,2,-0.488052040338516
0,2,-1.07009422779083
0,2,-0.93272340297699
0,2,-1.56989169120789
0,2,-1.2633889913559
1,2,1.29472470283508
1,2,0.32477143406868
1,0,-0.681393384933472
1,2,1.63800382614136
1,1,0.835035622119904
1,0,1.39752972126007
1,1,0.675993084907532
1,1,-1.06120193004608
1,2,0.297127336263657
1,2,1.71578478813171
1,2,-0.11090961843729
1,1,-0.287973910570145
1,1,-0.15506386756897
1,1,1.12155473232269
1,1,-0.463462114334106
1,1,-1.05609548091888
1,1,-0.932738125324249
1,1,-1.12902569770813
0,0,-0.684101343154907
0,0,-0.207793980836868
0,0,-1.10061800479889
0,1,-0.723132014274597
0,1,-0.0361626259982586
0,1,0.35360848903656
0,1,-0.865975081920624
0,1,-0.113229751586914
0,0,-1.39883506298065
0,1,-1.09044182300568
0,1,-0.169713377952576
0,0,-0.79410058259964
0,1,0.790635943412781
0,1,-0.270734518766403
0,0,-1.35369861125946
0,0,-1.04593145847321
0,0,-1.00013959407806
1,2,-0.872343420982361
1,1,0.0596069283783436
1,2,0.133536368608475
1,2,-0.39607048034668
1,0,1.47236478328705
1,1,1.3559433221817
1,1,-1.5253814458847
1,0,-0.602109491825104
1,2,0.167008817195892
1,2,-0.472356855869293
1,1,0.058374434709549
1,0,0.356161892414093
1,1,-1.44017577171326
1,1,-1.03928804397583
0,1,0.00558076612651348
0,1,0.939382314682007
0,1,-0.998251557350159
0,0,-1.17118895053864
0,1,-0.326756626367569
0,0,-1.09044182300568
0,0,-0.753398060798645
0,1,0.587927460670471
0,1,-0.00458314130082726
0,0,-0.247688695788383
0,1,-1.10507643222809
0,1,-0.200843632221222
0,1,0.675732851028442
0,1,-0.784584760665894
0,1,-0.671391487121582
0,1,-0.345623791217804
0,0,-0.786502122879028
0,0,-0.260737419128418
0,0,-0.906662940979004
0,1,-0.108000360429287
0,1,-0.145545676350594
1,2,1.80480551719666
1,2,1.63034343719482
1,2,0.929682910442352
1,2,-0.569027423858643
1,2,1.49395966529846
1,2,1.67019188404083
1,0,-0.0666005834937096
1,2,1.39137470722198
1,2,1.35744428634644
1,2,1.43143391609192
1,2,0.963829874992371
1,0,-1.16356599330902
1,2,0.569330871105194
1,2,0.171967938542366
1,2,-1.1514675617218
1,1,0.0632479339838028
1,2,0.474336385726929
1,1,-0.428759664297104
1,2,0.0778874233365059
1,2,1.37651669979095
1,2,0.416838735342026
1,2,1.16167879104614
1,2,-0.0723038017749786
1,1,1.3567042350769
1,1,-0.046321801841259
1,2,0.0124549763277173
1,2,-0.661863327026367
1,2,-1.24049544334412
1,2,0.441858381032944
1,2,0.139659374952316
1,2,0.473081856966019
1,2,0.840777158737183
1,2,0.440021991729736
1,1,-0.718081951141357
1,2,-0.0815398097038269
1,2,-0.75913792848587
1,2,1.05906677246094
1,2,0.221376284956932
1,2,-0.826534450054169
1,2,1.22654151916504
1,1,-0.0582190901041031
1,2,1.62339615821838
1,2,-0.859604239463806
1,1,1.62930011749268
1,2,-1.00904166698456
1,2,0.515036582946777
1,2,0.377039790153503
1,0,-1.60168480873108
1,2,0.203267529606819
1,2,0.30049067735672
1,2,1.00609076023102
1,2,0.252894282341003
1,2,1.22250461578369
1,2,1.2604683637619
1,2,0.641700685024261
1,2,-0.316661387681961
1,2,0.934381425380707
1,2,1.43901538848877
1,2,1.51374506950378
1,1,1.48448574542999
1,1,0.798596501350403
1,0,-1.29264104366302
1,2,0.100520692765713
1,1,1.11226308345795
1,1,0.474009931087494
1,2,0.194070920348167
1,1,0.209699913859367
1,1,-1.00712418556213
1,1,-0.672046959400177
1,1,-0.472047448158264
1,1,-1.3600572347641
1,1,-0.549443364143372
1,1,-0.865992188453674
1,1,0.88890528678894
1,1,-1.11332309246063
1,1,0.29619687795639
1,0,-1.23033142089844
1,1,1.32605767250061
1,0,-0.808735311031342
1,1,1.80480551719666
1,1,-0.209048613905907
1,1,1.14849758148193
1,1,1.07685124874115
1,2,0.628386855125427
1,2,1.39952826499939
1,2,1.33834540843964
1,2,0.228402599692345
1,2,0.691850423812866
1,1,1.55457031726837
1,2,0.662765979766846
1,0,-1.4277606010437
1,2,-1.00141620635986
1,2,1.48418605327606
1,1,1.5038126707077
1,0,-1.39927685260773
1,1,-0.391263455152512
1,0,-1.38879370689392
1,0,1.60342621803284
1,1,1.36859655380249
1,1,1.21419262886047
1,1,-0.00688366079702973
1,1,1.63858509063721
1,1,0.427051872014999
1,1,0.232227548956871
1,1,0.903059720993042
1,1,1.06272494792938
1,0,-0.989312767982483
1,0,0.650642037391663
1,1,1.20410120487213
1,0,-1.29136443138123
1,0,-1.04845523834229
1,2,0.310826510190964
1,2,0.232843637466431
1,2,1.55233871936798
1,0,0.334134876728058
1,2,1.8270605802536
0,0,-1.60168480873108
0,0,-1.39564347267151
0,0,-1.56989169120789
0,0,-0.639598309993744
1,0,-0.872652888298035
1,2,0.412400037050247
1,2,0.925494074821472
1,2,1.50452625751495
1,2,-0.608887851238251
1,2,1.1095210313797
1,2,1.14488244056702
1,2,0.681138873100281
1,1,0.732975244522095
1,2,-0.0817705765366554
1,2,1.11172556877136
1,2,1.07933568954468
1,2,0.788429141044617
1,2,1.26306080818176
1,2,1.01787078380585
1,2,-0.0492347553372383
1,2,-0.376766324043274
1,2,0.869560182094574
1,1,1.12876856327057
1,2,1.27955055236816
1,1,0.135353103280067
1,0,0.428096175193787
1,2,0.178938820958138
1,0,-0.0027777913492173
1,0,0.0746589526534081
1,2,0.89365029335022
1,0,-0.828446984291077
1,1,0.731975972652435
1,0,-1.17692887783051
1,0,-1.14065790176392
1,1,1.34073150157928
1,2,1.64133214950562
1,0,-1.31680881977081
1,1,0.711468398571014
1,0,0.605106711387634
1,2,1.38741230964661
1,0,0.122422277927399
1,0,0.840292096138
1,0,-1.60168480873108
1,0,-1.18899071216583
1,1,-0.152083560824394
1,0,-1.02049696445465
1,2,-0.651272296905518
1,0,-1.28168654441833
1,1,0.0395171120762825
1,0,-1.60168480873108
1,2,0.703058183193207
1,0,1.0645078420639
1,1,0.437996387481689
1,0,-1.52029454708099
1,1,-0.335835486650467
1,2,1.12757551670074
0,1,0.00369778531603515
0,1,0.872796237468719
0,0,-0.587435603141785
0,1,1.24842596054077
0,1,1.49983692169189
0,1,1.75584411621094
0,1,-0.144065320491791
0,1,1.50835609436035
0,0,0.317423343658447
0,1,0.421712070703506
0,1,-0.595723986625671
0,1,1.69161462783813
0,0,0.0670163333415985
0,1,1.32341599464417
0,1,0.242951408028603
0,1,-0.295427560806274
0,2,0.850577592849731
0,2,0.25271263718605
0,0,-0.492061227560043
0,1,0.192899882793427
1,2,0.18773677945137
1,2,-0.809994757175446
1,2,-1.00653266906738
1,2,0.133234396576881
1,0,0.14953850209713
1,2,-0.449087709188461
1,0,-0.671911954879761
1,2,0.00225412263534963
1,2,-0.838723838329315
1,0,-1.11651217937469
1,2,1.1011073589325
1,2,-0.571855664253235
1,2,0.136163294315338
1,2,-0.555563807487488
1,2,0.459723949432373
1,0,-1.07580959796906
1,0,-0.935912609100342
1,2,0.981959342956543
1,2,-0.752492129802704
1,0,-1.35878551006317
1,0,-0.764968812465668
1,2,1.11903917789459
1,2,1.53732120990753
0,0,-0.955619394779205
0,0,1.2832647562027
0,1,0.362566977739334
0,1,1.17651951313019
0,1,0.600848615169525
0,0,-1.25068891048431
0,0,1.47681593894958
0,0,-1.43170583248138
0,0,-1.29392743110657
0,1,0.7300865650177
0,0,0.929193735122681
0,0,-0.238337501883507
0,0,-0.629451513290405
0,0,0.00252910796552896
0,0,-0.474917441606522
0,0,1.0915048122406
1,2,0.832473993301392
1,0,0.383140474557877
1,2,0.535008370876312
1,2,1.8270605802536
1,2,-1.39247632026672
1,2,1.8270605802536
1,1,0.743026316165924
1,2,1.28163063526154
1,1,1.67210674285889
1,0,-1.06691002845764
1,1,1.07870233058929
1,0,-0.797169387340546
1,2,0.634793102741241
1,2,0.578747868537903
1,2,0.0189963784068823
1,2,1.19948148727417
1,2,0.96394407749176
1,2,0.792498290538788
1,1,1.16649031639099
1,1,1.31008982658386
1,2,0.809408605098724
1,0,-1.25447463989258
1,2,0.741432785987854
1,1,0.278455227613449
1,0,0.253312528133392
1,1,0.484259814023972
1,1,-1.09551155567169
1,1,-0.406840980052948
1,1,1.20878171920776
1,2,0.215514555573463
1,1,0.369681775569916
1,1,-0.31363183259964
1,1,0.141684427857399
1,2,0.819151341915131
1,1,-0.00139408861286938
1,2,-0.265080451965332
1,1,0.183470025658607
1,1,-0.679490685462952
1,1,-0.464331179857254
1,1,0.478104829788208
1,2,0.134874373674393
1,1,-0.0537704862654209
1,1,1.43842577934265
1,1,0.546370446681976
1,1,1.05594575405121
1,0,-1.60168480873108
1,1,1.31690037250519
1,2,1.62478303909302
1,2,1.78255021572113
1,1,1.06539344787598
1,1,1.39463746547699
1,1,1.59995722770691
1,2,1.17144703865051
1,2,0.208229288458824
1,2,1.6115095615387
1,1,1.6563892364502
1,1,1.52092146873474
1,2,1.50759017467499
1,1,1.23674702644348
1,1,1.06654191017151
1,1,-0.467923015356064
1,0,-1.60168480873108
1,1,1.62878513336182
1,0,-0.872657895088196
1,1,0.975393116474152
1,0,0.0745606943964958
1,2,0.516361773014069
1,2,-1.37402653694153
1,1,-0.300674140453339
1,2,0.178916707634926
1,0,-0.703923583030701
1,1,1.37022507190704
1,1,-1.03891980648041
1,2,0.382910579442978
1,2,1.28848528862
1,1,-0.118333160877228
1,2,0.939588487148285
1,2,0.586889386177063
1,2,-0.0717145279049873
1,2,1.37823271751404
1,2,0.461312174797058
1,1,0.946399807929993
1,0,1.77039921283722
1,1,1.482217669487
1,1,0.418552249670029
1,1,0.631065964698792
1,2,0.466855704784393
1,1,-0.299883395433426
1,0,-0.618661642074585
1,1,1.03524053096771
1,1,-0.688714444637299
1,0,-0.769341230392456
1,2,-0.867082417011261
1,2,-0.424961775541306
1,1,-1.35687780380249
1,0,-1.39311230182648
1,2,1.28527665138245
1,2,0.311595022678375
1,1,0.712512135505676
1,2,-0.167167469859123
1,1,0.696345567703247
1,2,1.47236490249634
1,2,1.1933366060257
1,2,-0.9486323595047
1,2,-0.072688601911068
1,0,-0.434092015028
1,0,1.06285238265991
0,1,-0.887403011322021
0,1,-0.444828182458878
0,0,-0.645566582679749
0,1,-0.859213888645172
0,0,-1.50930559635162
0,1,-0.333832144737244
0,1,1.79844379425049
0,1,0.266242563724518
0,0,-1.14576184749603
0,1,0.177688241004944
0,0,-1.15275144577026
0,0,-1.11587619781494
0,1,1.02534639835358
0,1,0.849960148334503
0,1,-0.161646097898483
0,2,0.220190271735191
0,2,0.562625467777252
1,0,-1.21380877494812
1,0,0.76713490486145
1,1,0.450983732938766
1,2,-0.0610865466296673
1,2,0.645253241062164
1,0,-1.60168480873108
1,0,-1.25322496891022
1,0,-1.50630533695221
1,2,-0.687302768230438
1,1,-0.863041281700134
1,1,-0.280719250440598
1,2,0.561987161636353
1,2,0.0412994734942913
1,0,-0.81953763961792
1,1,0.617314517498016
1,0,-0.287229984998703
1,2,0.380437523126602
1,2,-0.103760406374931
1,2,-0.284126877784729
1,2,1.24673223495483
1,0,0.0672381073236465
1,0,-1.23413681983948
1,0,-1.04275214672089
1,0,-0.295334160327911
1,0,-0.463609397411346
1,2,-0.233120441436768
1,1,0.333641290664673
1,0,-0.0664091110229492
1,2,0.546164393424988
1,1,1.44447910785675
1,2,0.718040823936462
1,0,-0.453926652669907
1,2,1.2336562871933
1,2,1.64964473247528
1,2,-0.0192350596189499
1,1,1.22121858596802
1,2,-1.15509605407715
1,1,-0.237178608775139
1,2,0.264894336462021
1,2,-0.02939148619771
1,2,0.812894880771637
0,0,-1.47451233863831
0,0,-1.43000197410583
0,0,-0.820605516433716
0,0,-1.24051511287689
0,0,-1.58388066291809
0,0,-1.05223858356476
0,0,-0.920659184455872
0,0,-0.519410610198975
0,0,-1.60168480873108
0,0,-1.27485167980194
1,1,1.16660857200623
1,2,-0.465408951044083
1,1,1.73859488964081
1,2,-0.257543385028839
1,1,0.0472039319574833
1,2,1.44181156158447
1,2,1.62134909629822
1,1,1.14094161987305
1,2,0.334962129592896
1,1,0.153127819299698
1,2,-0.339449346065521
1,0,-1.24938273429871
1,2,-0.515698611736298
1,2,-0.161096170544624
1,1,1.38352501392365
1,1,1.80205810070038
1,1,0.842608869075775
